{
  "profiles": {
    "normal": {
      "median_fpm": {
        "median": 0.0,
        "p10": -929.7115384615385,
        "p90": 1500.0
      },
      "p10_fpm": {
        "median": -1298.932453416149,
        "p10": -1996.2500000000002,
        "p90": 0.0
      },
      "p90_fpm": {
        "median": 552.142857142857,
        "p10": 0.0,
        "p90": 2523.333333333334
      },
      "max_alt": {
        "median": 17000.0,
        "p10": 9950.0,
        "p90": 20987.5
      },
      "min_alt": {
        "median": 0.0,
        "p10": 0.0,
        "p90": 3605.000000000001
      }
    },
    "all": {
      "median_fpm": {
        "median": 0.0,
        "p10": -687.5,
        "p90": 0.0
      },
      "p10_fpm": {
        "median": -750.0,
        "p10": -1772.7272727272727,
        "p90": 0.0
      },
      "p90_fpm": {
        "median": 500.00000000000006,
        "p10": 0.0,
        "p90": 2250.0
      },
      "max_alt": {
        "median": 10525.0,
        "p10": 2000.0,
        "p90": 21025.0
      },
      "min_alt": {
        "median": 375.0,
        "p10": 0.0,
        "p90": 3900.0
      }
    }
  }
}